이름,검색량
차전자피,48260
식이섬유,22300
차전자피환,6190
차전자피효능,13080
섬유질,4600
변비직빵,37740
차전차피,4040
차전자,1360
식이섬유영양제,2900
악성변비,620
변비해결,15430
차전자피식이섬유,4160
변비,35640
차전자피가루,3570
쾌변,7900
차전자피다이어트,2040
식이섬유많은음식,22240
차전자피분말,940
차전자피먹는법,3910
차전자피추천,590
숙변제거,4490
섬유질많은음식,7250
차전자피유산균,540
변비에좋은음식,39920
변비식품,80
장쾌한,290
변비에좋은차,2710
경난차전자피,70
차전자피약국,70
종근당차전자피,3240
식이섬유보충제,370
섬유소,1330
노인성변비,760
변비치료제,330
차전자피캡슐,230
화이바,1860
룰루랄라차전자피,160
차전자피파는곳,20
배에가스찼을때,7170
복부팽만감약,750
변비좌약,1230
장청소,3220
식이섬유젤리,610
차전피차,250
질경이씨,120
섬유질영양제,320
식이섬유제품,20
식이섬유변비,660
식이섬유분말,120
식이섬유약국,30
식이섬유효능,2060
중년뱃살빼기,1070
식이섬유추천,160
쾌변젤리,690
차전자피100,70
에버핏차전자피,390
극심한변비,220
과민성대장증후군변비,630
건강기능식품차전자피,10
화장실잘가는법,130
푸룬주스먹는법,5300
쿠팡차전자피,40
쾌변템,20
차전자피우유,30
차전자피장기복용,190
차전자피내돈내산,110
차전자푸,0
장청소소금,30
장에좋은건강식품,30
장생365,40
장독소,550
잔변,710
유효밀차전자피,130
실리엄,90
식이섬유보조제,40
세종셀팜,40
변잘보는법,100
변비커피,490
변비에직빵,110
변비가너무심해요,50
미에로화이바변비,610
배가더부룩,1580
배변젤리,10
변부드럽게,180
차전자피식이섬유환,150
딱딱한변,2360
차전피,420
푸룬,22780
똥안나올때,8310
질경이분말,40
차전자분말,10
상쾌한변화,1430
황금똥,820
수용성식이섬유,1430
파파스랩,90
하초락,130
장쾌변,80
질경이씨앗,790
휴온스차전자피,10
차전자피식이섬유효능,50
차전자피식이섬유추천,20
차전자피제품,10
사과식이섬유,540
쾌변음료,990
난소화성말토덱스트린,6720
푸룬젤리,860
광동차전자피,150
바로쾌변,200
숙변,3520
배변다이어트,40
쾌변명장,90
차전자피파우더,0
대장청소,270
다이어트차전자피,100
식이섬유가루,1170
질경이씨앗효능,100
차전자피스틱,10
쇼킹쾌변,390
푸룬농축분말,0
숙변제거제,450
똥이안나와요,5090
식이섬유식품,50
장비우기,680
자전차피,360
모닝락,520
차전자피콜레스테롤,190
차전자피효소,190
변비건강식품,30
다이어트식이섬유,440
변비에좋은,820
잔변감,5340
장쾌원,50
변비탈출,1080
변비에좋은건강식품,40
유기농차전자피,110
변비에좋은야채,950
변비예방,480
장세척제,270
토끼똥변비,1890
변비차,710
질경이효능,7740
유산균차전자피,90
차전자피가르시니아워터믹스,0
똥잘싸는약,60
변비에좋은쥬스,230
변비직빵요구르트,160
글램디2주,20
글램디2주습관,10
글램디2주습관다이어트,10
글램디바이오2주습관다이어트,100
장독소제거,90
변비제품,10
1일1똥,440
파스퇴르쾌변,1810
변비건강기능식품,20
푸룬영양제,20
변이안나올때,2190
식이섬유제,80
똥잘나오는음식,1670
변비차전자피,340
장세척,490
차전자피분말추천,10
쾌변두유,4830
변비식이섬유,740
변비직빵유산균,750
싹비움,530
변비주스,1310
장이안좋을때,2960
장청소방법,30
변비가심해요,70
지독한변비,70
변비에좋은음료,1290
커피변비,1160
만성변비유산균,60
경련성변비,610
변비카페,20
변비증의,0
숙변환,390
독소빼기,2060
변비에좋은운동,2240
만성변비,1740
변비에좋은것,260
이너셋살바이타임,740
중년여성뱃살,450
웰화이버,120
변비해결을위한방법,160
대변이,50
변비가심할때,1350
똥잘나오는법,14640
치질수술후변비,590
기생충청소,30
변비에좋은영양제,150
쾌변다이어트,350
철분제변비,2320
변비직빵음료,2060
장에좋은차,1700
상쾌변330,80
차전자피가르시니아,470
심한변비,1680
내몸을싹비어,40
쾌변보조제,30
변비해소,150
장케어,460
변비에좋은식품,1130
차전자피식이섬유종근당,20
변비환,570
차전자피포만감,40
변비푸룬주스,1110
변비개선,210
GM다이어트,3370
통쾌변,90
차전자피변비,430
장이가벼워지지,20
고식이섬유,280
비변톡스,530
변비보조제,160
락추로스파우더,50
차전자피100%,30
푸룬변비,640
변비특효약,30
변비에좋은과일,5310
장다비움,200
변비효소,540
식이섬유음료,2030
종근당쾌변엔차전자피식이섬유,30
묽은변,3510
철저한변비치료법,180
질경이의효능,100
그린화이바,540
똥잘싸는법,2280
변비해결방법,980
종근당차전자피가루,0
장건강약,40
숙변제거방법,860
장에좋은식품,80
변비증상,8630
장운동,2150
유산균쾌변,30
변비심할때,840
종근당식이섬유,190
가르시니아차전자피,110
종근당차전자피식이섬유,290
숙변제거차,20
대장건강,190
쾌변차전자피,100
변비영양제,520
유산균대사산물,60
변비젤리,160
락추로스리퀴드,40
변이딱딱,1520
장쾌력슬림,320
장해독,180
장운동촉진,2860
딱좋아청인,100
소소습관,100
장무력증,650
변비잔변감,730
푸룬효능,3540
장비움프로젝트,1380
과민성대장증후군설사,1390
차전자피종근당,190
종근당쾌변,50
종근당쾌변엔차전자피,70
다이어트체험단,310
장비움,720
화장실직빵,60
차전차,300
변기폭발,20
변비에좋은유산균추천,40
변비클리닉,150
임금님변,80
배변,3460
쾌변제품,0
쾌변요구르트,5200
장쾌력,950
종근당차전자피환,540
노인변비,1670
비오비타젤리,130
쾌변환,100
종근당차전자피식이섬유환,20
쾌변화이바,30
어린이식이섬유,160
푸룬스틱,70
기장장쾌력,60
기장장쾌력슬림,250
장가스제거,1220
유산균스틱,160
변비특효,70
변비에,140
퀘변,290
구아콩효능,50
다이어트쾌변,370
설사에좋은음식,25490
식이섬유다이어트,340
변비추천,50
유산균변비,1230
쾌변주스,1090
푸른쥬스,6110
질경이차,990
채소젤리,110
청인쾌장,30
한의원변비,170
프룬,3070
대장영양제,260
다이어트변비,3700
닥터바이옴클렌,10
닥터바이옴,40
암키퍼24,10
똥,25550
미생물대사산물,20
고초균,1200
장폐색,15600
건강한장,60
빠른다이어트,100
하체비만다이어트,580
효과좋은다이어트,240
다이어트전후,2320
겨울다이어트,60
7일다이어트,380
30대다이어트,280
장쾌다이어트,30
유산균식이섬유,140
복부가스제거,1910
변비알로에,220
트림,15200
디티엑스골드,10
장연동운동,130
대사산물,390
변비원인,9030
가르시아다이어트,50
가르시니아건강기능식품,10
쾌변비책,210
방귀가자주나오는이유,13910
식이섬유유산균,440
장건강식품,140
장트러블,1630
종근당건강차전자피,80
배변활동,1250
건질경이,40
장건강법,0
푸른주스,17130
과민성대장증후군음식,1520
굿바이과민대장증후군,60
신경성대장증후군,410
과민성대장증후군좋은음식,4610
글루코아밀라아제,130
펙티나아제,160
장건강에좋은음식,1040
체지방분해,1920
직장인다이어트,680
차전초,270
요구르겐,170
한달다이어트,2500
푸룬주스효과,4450
장염에좋은음식,40620
잦은방귀,5340
다이어트숙변,60
엔자임베네핏,0
알파갈락토시다아제,20
복부팽만,11230
장영양제,1520
장건강기능식품,10
부산치질수술잘하는병원,450
똥배빼는법,3910
푸룬주스,46010
풋사과분말,420
제주알로에정,60
알로에센스,50
알로에프리미엄센스100,100
대장에좋은음식,4470
장건강영양제,1380
프룬주스,3450
구아검가수,50
장쾌청,90
삼성장쾌환,0
장내미생물,1800
알로에변비,470
푸룬쥬스,3000
하혈에좋은음식,380
배가부글부글,4540
복부다이어트,1610
과민성대장,1540
헬스다이어트,1230
편한하루,70
연애인다이어트,110
다이어트계획표,340
10키로감량,1590
마법의4주수면다이어트,0
윗배빼는법,4030
브레이브걸스다이어트,20
붙이는다이어트,40
정채연다이어트,190
유아푸룬주스,220
푸룬주스변비,520
어린이변비에좋은음식,210
젖산균,730
BTGIN,0
2주다이어트,5310
장에좋은,260
다이어트플래너,470
다이어트3일,60
테일러팜스,1140
테일러푸룬건자두,1550
유기농푸룬,440
엑티브푸룬,80
액티브푸룬,1430
푸룬환,50
푸룬커피,170
푸룬가루,40
푸룬다이어트,260
푸룬묘목,70
푸룬분말,30
푸룬알약,140
주식회사비티진,0
(주)비티진,60
변비음료,1150
셀룰라아제,450
장에좋은영양제,1120
올리브영푸룬,1090
미타임푸룬주스,0
배에가스빼는법,26760
복부가스,1730
변비다이어트,250
리파아제,3700
미강분말,100
변비에좋은유산균,3570
변비유산균추천,1130
변비유산균,2460
다이어트식욕억제,260
체지방줄이는법,24740
여름다이어트,340
만삭임산부선물,1110
대장질환,840
고도비만다이어트,1770
다이어트시작,450
계속설사할때,930
배에서꾸르륵소리,9450
비워락,40
진비책,180
고들빼기,16430
변비에좋은약초,160
장건강,3830
알파아밀라아제,490
장에좋은음식,13600
푸룬식이섬유,120
소화불량증상,5370
알로에전잎,1650
장내세균,770
장내유익균,1200
다이어트회사,110
연예인다이어트식단,1070
배변에좋은,20
알로에베라효능,500
푸룬유산균,420
유산균푸룬주스,830
푸룬주스딥워터,5100
종근당다이어트,480
푸룬주스추천,70
배가빵빵해요,5960
장쾌락,1970
푸룬자두,1140
보라탕국,130
청일수,1520
다이어트하는방법,160
콜레우스포스콜리,5400
솔톡,480
장에좋은프로바이오틱스셀렌아연,0
숙변다이어트,60
하복부,830
글루텐효소,1180
서울다이어트,140
처인구다이어트,40
주안다이어트,80
식욕조절,320
쥐눈이콩청국장환,100
쥐눈이콩환,70
다이어트변비해결,60
다이어트이벤트,70
유당분해효소,520
소유진유산균,140
저녁유산균,50
메디오젠유산균,30
락토코커스락티스,150
다이어트추천,350
연예인다이어트,1810
효과좋은단기간다이어트,360
체지방,10400
살빼는법,7220
울트라리바,1130
종근당데일리슬림다이어트,50
종근당건강다이어트,10
화이버,830
푸룬건자두,4680
종근당건강식품,50
가르시니아효능,1980
건자두,7300
어성초효과,690
슈퍼푸드,8190
가르시니아분말,90
유산균젤리,1190
가르시니아가루,90
현미다이어트,590
김남주바이오청락토,10
쾌변습관,200
청락토,210
둘코락스가격,1370
비티진몰,30
장약,1020
오큐테인3,2980
체지방태우는약,20
신바이오틱스유산균,750
속편한다이어트,4340
신바이오틱스추천,10
유산균신바이오틱스,10
신바이오틱,130
체지방감소,2180
속편한다이어트효소,720
NGT속편한다이어트,20
40대다이어트,4060
구아검가수분해,1630
다이어트컨설팅,80
자면서다이어트,300
사과파우더,20
다이어트환,4410
다이어트패키지,60
구아검가수분해물추천,140
콜레스테롤유산균,310
가르시니아젤리,290
데이제로,670
컨트롤번,240
비비버닝티,20
파비스애니원차,220
유안차,940
밀라이트귀리모닝,0
다이어트제품,650
풋사과에빠지다,40
슬림밸런스,90
분홍이슬림밸런스&비오틴,150
초록이슬림밸런스&쾌변,190
GRN슬림밸런스,50
풋사과즙,650
효과빠른다이어트,70
푸룬즙,100
푸른주스효과,2070
푸른쥬스효능,530
푸룬쥬스효능,520
편의점푸룬주스,3100
비건젤리,720
푸룬딥워터,16680
다이어트효소,5630
보타닉화이버,20
체지방다이어트,280
더덕청,250
푸룬농축액,150
가르시니아카테킨,590
서양자두,1000
임산부푸룬주스,2910
풋사과효능,2300
보타닉화이버플러스,40
무우차효능,600
지방태우기,730
무말랭이차효능,830
애플페논풋사과다이어트,110
곡물발효,30
이지슬림,760
SMDR,1180
부유,2380
레몬물다이어트,1780
무우차,390
체형관리센터,10
체중줄이는방법,20
체지방빼는음식,40
DIET,9080
내살을부탁해,1470
내몸에착,20
진녹원,50
보령홍삼녹용진액,570
명작수천,460
려원담,1260
김소형삼본침향단,10
굿데이즈녹용홍삼,150
광동경옥고스틱가격,280
종근당홍삼녹용보,60
정관장천삼,480
장보고흑삼,290
임영웅광동경옥고,350
이루진스,100
유한루테인지아잔틴플러스,740
아모레퍼시픽명작수,310
상쾌한가격,260
산삼한뿌리,90
환신,430
홍삼정진액스틱면역증강진세노사이드20MG,10
진초환,400
진초고,30
잇츠톡내돈내산,50
늦지않았어,1740
잇츠톡,1980
슈퍼패스트,510
면역강화홍삼스틱진세노사이드40MG,70
티백만들기,430
티백쇼핑몰,0
한국전통차,570
면역강화홍삼스틱,40
경옥고스틱가격,250
지방배출,260
액상가르시니아,10
가르시니아액상,20
칼로비스비우밍,100
비우밍,1170
다이어트보조제후기,70
효모추출물,400
식후다이어트,70
아이돌다이어트,690
생인삼그대로,180
아삼정,130
다이어트차추천,170
리셋다이어트,960
식이섬유건강기능식품,0
루테인유산균,20
장디톡스,400
차,40930
유아변비,2470
보조제,800
혈관에좋은차,1050
어린이변비,1710
생강가루효능,1300
탄산다이어트,40
가르시니아커피,1510
체중,3530
뱃살다이어트보조제,50
곡물효소프로바이오틱스,1110
녹차레몬물,620
천년침향환,410
체지방보조제,260
1일1식다이어트,3490
운동없이다이어트,1330
독일유산균,560
바나나똥,680
다이어트보조제,43160
허브라이프,790
치커리식이섬유,140
생식다이어트,320
다이어트가루,720
카테킨다이어트,1100
연세차전자피,40
연세쾌변습관,50
닥터로하스차전자피,20
쾌변습관차전자피식이섬유,30
키토다이어트,152600
비대면다이어트,80
바디슬리밍,500
가르시니아캄보지아추출물,860
효소의효능,720
종근당락토핏솔루션다이어트,170
락토핏솔루션다이어트,1380
건강기능식품도매업체,0
건강보조식품추천,20
건강식품매장,100
건강식품도매사이트,30
그린코어틴,20
호르몬다이어트,810
다이어트샵,270
단기간다이어트식단,580
프로테아제,2920
코어틴그린프로틴,310
종근당코어틴,360
종근당단백질,420
청소년면역력,90
덱스트린,8190
종근당프로틴,120
코어틴,540
징코틴,130
영양제종류,1350
건강기능식품사이트,20
건강기능식품판매,770
내장지방다이어트,270
종근당코어틴그린프로틴,20
종근당단백질쉐이크,10
김연경프로틴,60
종근당건강코어틴,50
김연경음료,100
종근당건강프로틴,10
종근당건강코어틴그린프로틴,0
시니어유산균,60
김연경단백질,50
그린프로틴,110
다이어트식품브랜드,10
종근당그린프로틴,50
얼굴사마귀제거,3460
건강기능식품추천,50
변비에좋은환,30
애터미차전자피,1060
구아검가수분해물,23830
식품원료,650
구연산,39090
구아검,6390
유화제,6000
이산화규소,5040
액상과당,7770
바이오틱스,2120
수크랄로스,10600
레시틴,12870
유당,4830
HPMC,660
탄산칼슘,5970
식품첨가물,3980
글리신,3400
셀룰로오스,5350
소브산칼륨,1400
소르빈산칼륨,1160
구아검가수분해물효능,4520
베이킹소다,50340
효소처리스테비아,1880
사이클로덱스트린,400
글리세린지방산에스테르,950
결정셀룰로스,690
솔비톨,1910
구연산나트륨,920
고함량가르시니아,590
차전자피올로지,490
UV레이저,190
푸드올로지차전자피,120
FIBER,10020
K열전대,40
타각기,770
세라믹가공,350
웨어플레이트,20
앵글플레이트,60
스테인리스플레이트,30
커버플레이트,270
UV레이저마킹기,100
UV마킹기,20
레이저조각,130
FIBERLASER,90
마운팅플레이트,30
UVLASER,30
데크플레이트판매,20
연결플레이트,0
블랭킹플레이트,10
엔드플레이트,520
아이플레이트,40
여드름유산균,530
산업용레이저마킹기,0
액시트5,1550
LASERCUTTING,30
레이저각인기,6480
레이저마킹기,3140
갱년기유산균추천,350
각인,9000
KTYPE온도센서,30
UV레이져,10
온도센서K타입,50
엑시트5,1300
초경소재,70
K타입열전대,90
AR400,130
뉴질랜드유산균,90
CO2레이저,4870
광케이블,6860
K타입온도센서,100
액시트5(ACXIT5),90
유산균파우더,270
300억유산균,370
실버유산균,30
Y존유산균,120
K센서,10
써모커플K,0
K온도센서,0
K타입써머커플,0
K타입써모커플,10
80대유산균,30
LACTOBACILLUSACIDOPHILUS,110
와이티원유산균,160
어르신유산균,210
UV각인기,0
갱년기박미선,40
YTI,160
휴온스엘루비메노락토,10
70대유산균,80
UV레이저마킹,20
UV레이저각인기,10
50대여성유산균,30
UV레이저각인,0
유제품,6790
자두묘목,540
장내유익균을살리면면역력이5배높아진다,100
장청소제,20
키위다이어트,1350
묽은변원인,4290
양배추유산균,200
왕자두묘목,260
우유와변비,80
가루영양제,200
야자대추,1530
다이어트음료수,640
그린마킹,0
레이저노즐,30
유리레이저각인,40
콘크리트펌프카,770
악타진,270
나무묘목,1390
KTYPE열전대,30
여성다이어트,40
유리각인,100
고무각인,10
비피더스명장,750
양배추농축,40
건포도효능,3560
뱃살다이어트,3720
대추의효능,730
영구전자척,0
LPL,40300
착자기,90
서브플레이트,0
신생아배앓이,4210
하이웰유산균,280
올리브영다이어트,5620
UV마킹,0
플라스틱레이저마킹기,0
프리미엄차전자피식이섬유,130
